{
  "mean_time": 1.9893024203277403,
  "mean_energy": 246.7514717742921,
  "std_time": 1.472956417357407,
  "std_energy": 285.86082661022914,
  "total_energy": 244777.46000009775,
  "total_time": 1973.3880009651184,
  "total_rl_time": 236.36282300949097,
  "mean_rl_time": 0.23826897480795461,
  "std_rl_time": 0.061938860715595345,
  "total_rl_energy": 47556.270527327055,
  "mean_rl_energy": 47.939788838031305,
  "std_rl_energy": 30.061082389123982
}