{
  "mean_time": 1.87049835944368,
  "mean_energy": 233.65174495939524,
  "std_time": 1.3987173014975516,
  "std_energy": 270.82496575432054,
  "total_energy": 231782.5309997201,
  "total_time": 1855.5343725681305,
  "total_rl_time": 219.02801895141602,
  "mean_rl_time": 0.2207943739429597,
  "std_rl_time": 0.06030498378332297,
  "total_rl_energy": 44177.538929708724,
  "mean_rl_energy": 44.53380940494831,
  "std_rl_energy": 29.031595588885146
}