{
  "mean_time": 1.7982356548309326,
  "mean_energy": 225.85314213730877,
  "std_time": 1.3548383123985308,
  "std_energy": 262.40309599955543,
  "total_energy": 224046.31700021029,
  "total_time": 1783.8497695922852,
  "total_rl_time": 208.79152154922485,
  "mean_rl_time": 0.21047532414236375,
  "std_rl_time": 0.059971221304578805,
  "total_rl_energy": 42072.13979206753,
  "mean_rl_energy": 42.41143124200356,
  "std_rl_energy": 28.093474846424172
}