{
  "mean_time": 1.210792344904715,
  "mean_energy": 155.15796875022352,
  "std_time": 1.0282648917187522,
  "std_energy": 189.1621639782576,
  "total_energy": 153916.70500022173,
  "total_time": 1201.1060061454773,
  "total_rl_time": 134.41084790229797,
  "mean_rl_time": 0.13549480635312297,
  "std_rl_time": 0.06206774206038034,
  "total_rl_energy": 27218.39000895548,
  "mean_rl_energy": 27.43789315418899,
  "std_rl_energy": 22.250914069350642
}