{
  "mean_time": 1.4947562073507616,
  "mean_energy": 191.37469254031538,
  "std_time": 1.2183627563288195,
  "std_energy": 230.7308265515736,
  "total_energy": 189843.69499999285,
  "total_time": 1482.7981576919556,
  "total_rl_time": 167.35763573646545,
  "mean_rl_time": 0.1687072940891789,
  "std_rl_time": 0.0621988950582045,
  "total_rl_energy": 34433.541996068234,
  "mean_rl_energy": 34.71123185087524,
  "std_rl_energy": 24.25779106942283
}