{
  "acc": [
    0.12420382165605096,
    0.24983060035235127,
    0.39443013958530965,
    0.6023173871798346,
    0.5929665266296246,
    0.6172923160319826,
    0.6084835343542485,
    0.6290825315083345,
    0.6147174413877219,
    0.6507656864073723,
    0.6372814744545331,
    0.6599810272394634,
    0.6654018159642228,
    0.67780187017211,
    0.668179970185662,
    0.6941997560645073,
    0.6622848624474861,
    0.6475132131725166,
    0.6872204905813796,
    0.7251660116546957,
    0.7112752405474997,
    0.7016533405610517,
    0.7164927496950806,
    0.7684645615937119,
    0.7905542756471067,
    0.7947553869087952,
    0.8027510502778155,
    0.7851334869223472,
    0.8570266973844695,
    0.866851876948096,
    0.8600081311830872,
    1.0
  ],
  "stds": [
    0.3298139359428022,
    0.4329148547693126,
    0.4887279453561284,
    0.489419198929396,
    0.4912812075852518,
    0.4860478501133952,
    0.48808946185510976,
    0.48305041150939904,
    0.4866620065727903,
    0.4767281277647816,
    0.480784563782563,
    0.47371517911441896,
    0.4718498058447597,
    0.46731840854314743,
    0.47086675145772383,
    0.46074554229475273,
    0.4729308865155674,
    0.4777445467396982,
    0.4636253745282581,
    0.44643058496872434,
    0.45316969529260903,
    0.45753243627153756,
    0.45070044301005874,
    0.4218136782612627,
    0.406913028672203,
    0.4038802568686001,
    0.39792185357891524,
    0.4107297099498691,
    0.3500456218191259,
    0.33973475003252035,
    0.34697859513529233,
    0.0
  ]
}