{
  "acc": [
    0.00419741385146571,
    6.770022341073725e-05,
    0.0001354004468214745,
    6.770022341073725e-05,
    0.00020310067023221177,
    0.0006093020106966354,
    0.0008124026809288471,
    0.0011509037979825333,
    0.0016248053618576942,
    0.0020310067023221177,
    0.0022341073725543293,
    0.0027080089364294904,
    0.004129713628054973,
    0.005280617426037506,
    0.009410331054092478,
    0.01232144066075418,
    0.016857355629273575,
    0.01949766434229233,
    0.029246496513438493,
    0.03012659941777808,
    0.04386974477015774,
    0.054972581409518655,
    0.10561234852075012,
    0.29551147518786813,
    0.3896824859522036,
    0.4766095728115903,
    0.5935955588653442,
    0.6618373840633675,
    0.7170130661431183,
    0.7618306140410264,
    0.7857964931284274,
    1.0
  ],
  "stds": [
    0.06465133848904625,
    0.008227736024599197,
    0.011635381967966289,
    0.008227736024599199,
    0.014249891941694261,
    0.02467652248102225,
    0.02849109830829388,
    0.033905445262233665,
    0.04027611412976397,
    0.04502090307953895,
    0.04721351646300271,
    0.051968025015673894,
    0.06413001710123918,
    0.07247573735835555,
    0.09654934864381459,
    0.11031601316580332,
    0.1287368835666833,
    0.1382660675201534,
    0.1684967030986895,
    0.1709356236286012,
    0.20480524960058752,
    0.2279267353837467,
    0.3073408211752577,
    0.4562723344891274,
    0.48767821982769977,
    0.49945258825632666,
    0.4911617568181423,
    0.47308420087710196,
    0.4504501405518291,
    0.42596329601375177,
    0.41026864919890327,
    0.0
  ]
}