{
  "mean_time": 3.0164867004790863,
  "mean_energy": 391.7212587412778,
  "std_time": 1.8119707634315707,
  "std_energy": 385.622698447982,
  "total_energy": 392112.9800000191,
  "total_time": 3019.5031871795654,
  "total_rl_time": 336.4876971244812,
  "mean_rl_time": 0.3361515455789023,
  "std_rl_time": 0.057476551153381336,
  "total_rl_energy": 70802.65792382741,
  "mean_rl_energy": 70.73192599782958,
  "std_rl_energy": 39.23744894651951
}