{
  "mean_time": 1.385985946321821,
  "mean_energy": 208.00896703303752,
  "std_time": 0.8470963736192849,
  "std_energy": 184.94617665199112,
  "total_energy": 208216.97600007057,
  "total_time": 1387.3719322681427,
  "total_rl_time": 121.08689641952515,
  "mean_rl_time": 0.12096593048903612,
  "std_rl_time": 0.03621899938028795,
  "total_rl_energy": 27343.79772758818,
  "mean_rl_energy": 27.316481246341837,
  "std_rl_energy": 20.27045730514817
}