{
  "mean_time": 3.172009037210272,
  "mean_energy": 385.1285284716528,
  "std_time": 1.9932514023840187,
  "std_energy": 413.9251832591952,
  "total_energy": 385513.65700012445,
  "total_time": 3175.1810462474823,
  "total_rl_time": 386.533896446228,
  "mean_rl_time": 0.3861477486975305,
  "std_rl_time": 0.06313322130712917,
  "total_rl_energy": 77577.79211610509,
  "mean_rl_energy": 77.50029182428081,
  "std_rl_energy": 42.99660369547466
}