{
  "mean_time": 2.5342769198841624,
  "mean_energy": 295.7300159840079,
  "std_time": 1.5694825246824518,
  "std_energy": 327.4416649940228,
  "total_energy": 296025.7459999919,
  "total_time": 2536.8111968040466,
  "total_rl_time": 322.91925525665283,
  "mean_rl_time": 0.32259665859805475,
  "std_rl_time": 0.05255486986071912,
  "total_rl_energy": 63785.96590464473,
  "mean_rl_energy": 63.72224366098374,
  "std_rl_energy": 39.226901556582376
}