{
  "mean_time": 3.764559022434703,
  "mean_energy": 503.7412367633411,
  "std_time": 2.293310055023052,
  "std_energy": 485.374488776423,
  "total_energy": 504244.9780001044,
  "total_time": 3768.323581457138,
  "total_rl_time": 402.3695993423462,
  "mean_rl_time": 0.40196763171063554,
  "std_rl_time": 0.06623756216455388,
  "total_rl_energy": 84979.92923991894,
  "mean_rl_energy": 84.89503420571323,
  "std_rl_energy": 46.755544657095776
}