{
  "mean_time": 3.7650281377843804,
  "mean_energy": 503.80136363608733,
  "std_time": 2.293347273450623,
  "std_energy": 485.2776720068978,
  "total_energy": 504305.16499972343,
  "total_time": 3768.793165922165,
  "total_rl_time": 403.4924142360687,
  "mean_rl_time": 0.40308932491115756,
  "std_rl_time": 0.06786300420688039,
  "total_rl_energy": 85914.38025384641,
  "mean_rl_energy": 85.82855170214427,
  "std_rl_energy": 48.73705021518783
}