{
  "mean_time": 3.763338217606673,
  "mean_energy": 503.9754915083205,
  "std_time": 2.291373432647778,
  "std_energy": 484.5980431349743,
  "total_energy": 504479.4669998288,
  "total_time": 3767.10155582428,
  "total_rl_time": 402.5185396671295,
  "mean_rl_time": 0.40211642324388563,
  "std_rl_time": 0.06601093183005224,
  "total_rl_energy": 86589.01375806522,
  "mean_rl_energy": 86.5025112468184,
  "std_rl_energy": 48.732831268765366
}