{
  "mean_time": 3.7603408087502705,
  "mean_energy": 502.5683356643795,
  "std_time": 2.2874492326869147,
  "std_energy": 484.22477836864397,
  "total_energy": 503070.90400004387,
  "total_time": 3764.101149559021,
  "total_rl_time": 401.83533477783203,
  "mean_rl_time": 0.4014339008769551,
  "std_rl_time": 0.06433524941832497,
  "total_rl_energy": 85450.03767799163,
  "mean_rl_energy": 85.36467300498664,
  "std_rl_energy": 46.14065420195772
}