{
  "mean_time": 3.170778174500365,
  "mean_energy": 383.1116623377109,
  "std_time": 1.9905582597647222,
  "std_energy": 413.24522802677257,
  "total_energy": 383494.77400004864,
  "total_time": 3173.9489526748657,
  "total_rl_time": 386.1935245990753,
  "mean_rl_time": 0.3858077168821931,
  "std_rl_time": 0.061609747088393264,
  "total_rl_energy": 76771.49738879132,
  "mean_rl_energy": 76.69480258620511,
  "std_rl_energy": 41.912046859277126
}