{
  "mean_time": 1.19359426803284,
  "mean_energy": 162.70240659325512,
  "std_time": 0.7401810772684773,
  "std_energy": 158.80137284252865,
  "total_energy": 162865.10899984837,
  "total_time": 1194.7878623008728,
  "total_rl_time": 120.46262049674988,
  "mean_rl_time": 0.12034227821853134,
  "std_rl_time": 0.03309353740489853,
  "total_rl_energy": 26048.23199456358,
  "mean_rl_energy": 26.0222097847788,
  "std_rl_energy": 18.09466867163012
}