{
  "mean_time": 3.1573321045219123,
  "mean_energy": 381.15130669331097,
  "std_time": 1.987685884212784,
  "std_energy": 412.3762165428384,
  "total_energy": 381532.4580000043,
  "total_time": 3160.4894366264343,
  "total_rl_time": 387.5183296203613,
  "mean_rl_time": 0.3871311984219394,
  "std_rl_time": 0.061261426537156834,
  "total_rl_energy": 77405.54802440858,
  "mean_rl_energy": 77.32821980460398,
  "std_rl_energy": 43.637204362656185
}