{
  "mean_time": 3.1756795514951817,
  "mean_energy": 387.0416613386704,
  "std_time": 1.9992277713014874,
  "std_energy": 417.40489684499335,
  "total_energy": 387428.70300000906,
  "total_time": 3178.8552310466766,
  "total_rl_time": 387.3564703464508,
  "mean_rl_time": 0.3869695008456052,
  "std_rl_time": 0.06339757710523419,
  "total_rl_energy": 77769.19951560974,
  "mean_rl_energy": 77.69150800760214,
  "std_rl_energy": 45.14555110579789
}