{
  "acc": [
    0.0005322687957418496,
    0.0006653359946773121,
    0.0005322687957418496,
    0.0001330671989354624,
    0.0002661343978709248,
    0.0001330671989354624,
    0.0001330671989354624,
    0.0,
    0.0,
    0.0,
    0.0,
    0.0,
    0.0010645375914836992,
    0.0009314703925482369,
    0.005854956753160346,
    0.013972055888223553,
    0.02554890219560878,
    0.034996673320026615,
    0.04590818363273453,
    0.070791749833666,
    0.09021956087824351,
    0.13745841650033266,
    0.20652029274783765,
    0.237125748502994,
    0.42887558216899535,
    0.63020625415835,
    0.7115103127079175,
    1.0
  ],
  "stds": [
    0.023064810549209575,
    0.025785525449203067,
    0.023064810549209575,
    0.011534708147847949,
    0.01631145518809388,
    0.011534708147847949,
    0.011534708147847949,
    0.0,
    0.0,
    0.0,
    0.0,
    0.0,
    0.03260988118960291,
    0.030505782328208574,
    0.076293356424914,
    0.11737477387616094,
    0.15778515707191215,
    0.18377134209815724,
    0.2092859821112672,
    0.25647666168513983,
    0.28649605880915785,
    0.34433065537874163,
    0.4048081785626188,
    0.425320029977297,
    0.4949154646888705,
    0.4827487248849562,
    0.4530600265066418,
    0.0
  ]
}