{
  "acc": [
    0.0002661343978709248,
    0.0003992015968063872,
    0.13958749168330006,
    0.5487691284098469,
    0.39401197604790417,
    0.35741849634065204,
    0.4461743180306055,
    0.5986693280106454,
    0.4090485695276114,
    0.19560878243512975,
    0.10671989354624085,
    0.07145708582834331,
    0.0686626746506986,
    0.09860279441117764,
    0.4357950765136394,
    0.7308050565535595,
    0.7135063206919494,
    0.7107119095143047,
    0.7260146373918829,
    0.796274118429807,
    0.7707252162341983,
    0.7767132401862941,
    0.8119760479041916,
    0.8694610778443114,
    0.7755156353958749,
    0.7877578176979375,
    0.7885562208915502,
    1.0
  ],
  "stds": [
    0.01631145518809388,
    0.019976041522070744,
    0.34655854317685586,
    0.4976158881247099,
    0.48863743079990296,
    0.47923951716677055,
    0.49709435317707007,
    0.49016768937775534,
    0.49165825254441353,
    0.3966686106429091,
    0.30875679404301354,
    0.25758682169952735,
    0.2528796388808535,
    0.29812796471563124,
    0.4958605931107155,
    0.4435414590196819,
    0.4521228273650717,
    0.4534319035851309,
    0.4460015512132393,
    0.4027674847211983,
    0.42036633701445053,
    0.4164490157337418,
    0.39073129582115834,
    0.33689540210296687,
    0.4172422972954771,
    0.4088953880318541,
    0.4083323491774646,
    0.0
  ]
}