{
  "mean_time": 2.2469827943751888,
  "mean_energy": 295.49766532253597,
  "std_time": 1.3839111610929198,
  "std_energy": 295.87309214898806,
  "total_energy": 293133.68399995565,
  "total_time": 2229.0069320201874,
  "total_rl_time": 247.90763401985168,
  "mean_rl_time": 0.249906889132915,
  "std_rl_time": 0.048317136519447336,
  "total_rl_energy": 52602.001862777,
  "mean_rl_energy": 53.026211555218744,
  "std_rl_energy": 30.257477586150355
}