{
  "mean_time": 1.9919351822426241,
  "mean_energy": 268.55081955640907,
  "std_time": 1.239768340714521,
  "std_energy": 265.2718574461379,
  "total_energy": 266402.4129999578,
  "total_time": 1975.9997007846832,
  "total_rl_time": 210.13518691062927,
  "mean_rl_time": 0.21182982551474724,
  "std_rl_time": 0.046589701548241054,
  "total_rl_energy": 43654.422713570835,
  "mean_rl_energy": 44.00647450964802,
  "std_rl_energy": 25.994479995379717
}