{
  "mean_time": 1.098075647027262,
  "mean_energy": 175.07889717751212,
  "std_time": 0.7041824802066333,
  "std_energy": 154.0105690671794,
  "total_energy": 173678.26600009203,
  "total_time": 1089.2910418510437,
  "total_rl_time": 81.32941198348999,
  "mean_rl_time": 0.08198529433819556,
  "std_rl_time": 0.028509470262838635,
  "total_rl_energy": 19786.213481589555,
  "mean_rl_energy": 19.94577971934431,
  "std_rl_energy": 16.832733749120408
}