{
  "mean_time": 2.1095221492071308,
  "mean_energy": 281.66307258077205,
  "std_time": 1.3101302236784145,
  "std_energy": 280.43722120371706,
  "total_energy": 279409.7680001259,
  "total_time": 2092.6459720134735,
  "total_rl_time": 227.70852994918823,
  "mean_rl_time": 0.2295448890616817,
  "std_rl_time": 0.04807438403651745,
  "total_rl_energy": 47937.41622413874,
  "mean_rl_energy": 48.32400829046244,
  "std_rl_energy": 28.017710206099643
}