{
  "mean_time": 2.6129571802673803,
  "mean_energy": 335.6382590724576,
  "std_time": 1.6118830312437575,
  "std_energy": 343.73375364154845,
  "total_energy": 332953.15299987793,
  "total_time": 2592.053522825241,
  "total_rl_time": 300.0524477958679,
  "mean_rl_time": 0.30247222560067333,
  "std_rl_time": 0.05531335116621227,
  "total_rl_energy": 60939.61111428452,
  "mean_rl_energy": 61.43105959101262,
  "std_rl_energy": 34.59531465499259
}