{
  "mean_time": 1.5134180589549002,
  "mean_energy": 217.27376411293423,
  "std_time": 0.9598635066513034,
  "std_energy": 205.10327194966916,
  "total_energy": 215535.57400003076,
  "total_time": 1501.310714483261,
  "total_rl_time": 143.135351896286,
  "mean_rl_time": 0.14428966925028833,
  "std_rl_time": 0.03839947572447163,
  "total_rl_energy": 31872.939994954828,
  "mean_rl_energy": 32.12997983362382,
  "std_rl_energy": 20.475969139638757
}