{
  "acc": [
    0.0035305089261923796,
    0.0035305089261923796,
    0.0031974420463629096,
    0.0004662936317612577,
    0.0003330668798294698,
    0.0003330668798294698,
    0.0005329070077271516,
    0.0001332267519317879,
    0.0,
    0.00019984012789768185,
    0.0003330668798294698,
    0.0007993605115907274,
    0.002464694910738076,
    0.0036637356781241675,
    0.01112443378630429,
    0.02950972555289102,
    0.03896882494004796,
    0.06401545430322408,
    0.08999467092992273,
    0.1133759658939515,
    0.13962163602451372,
    0.19324540367705836,
    0.2740474287236877,
    0.3161470823341327,
    0.5405009325872635,
    0.6900479616306955,
    0.7212230215827338,
    1.0
  ],
  "stds": [
    0.05931310506890072,
    0.05931310506890072,
    0.056455455101549396,
    0.021588798067753483,
    0.01824708048656087,
    0.01824708048656087,
    0.023078626862278153,
    0.011541620447942203,
    0.0,
    0.014135069572554766,
    0.01824708048656087,
    0.02826166191792756,
    0.04958447528950022,
    0.06041781789344108,
    0.10488413015913524,
    0.16923032130999477,
    0.1935206852582944,
    0.2447804647302883,
    0.28617412554970384,
    0.3170518195052112,
    0.3465940489655758,
    0.3948437889023318,
    0.4460329982564328,
    0.4649710793863935,
    0.49835697492817527,
    0.46247353684293946,
    0.44839756324249275,
    0.0
  ]
}