{
  "acc": [
    0.004199119539451406,
    0.004199119539451406,
    0.0038604808669150015,
    0.0004740941415509651,
    0.0003386386725364037,
    0.00013545546901456146,
    0.00027091093802912293,
    6.772773450728073e-05,
    6.772773450728073e-05,
    0.0,
    0.00013545546901456146,
    0.00020318320352184218,
    0.0004740941415509651,
    0.00277683711479851,
    0.006840501185235354,
    0.024652895360650188,
    0.02878428716559431,
    0.0442939383677616,
    0.08222146969183881,
    0.10971892990179478,
    0.12746359634270232,
    0.16017609210971892,
    0.20270910938029124,
    0.2340670504571622,
    0.4104977988486285,
    0.6214019641043007,
    0.6950220115137149,
    0.7739925499492042
  ],
  "stds": [
    0.0646644178396806,
    0.0646644178396806,
    0.062012720907820076,
    0.02176854097765655,
    0.018399021614908403,
    0.011637745521812869,
    0.016457142683126348,
    0.008229407479354712,
    0.008229407479354712,
    0.0,
    0.011637745521812869,
    0.01425278639802228,
    0.02176854097765655,
    0.05262248844777666,
    0.08242395725012326,
    0.15506492224544863,
    0.16719973677599767,
    0.20574738246605845,
    0.2747018376595847,
    0.31253909567124527,
    0.3334915710330427,
    0.36676928937163994,
    0.4020175697087633,
    0.42341429634277405,
    0.4919241364164392,
    0.48503769246484146,
    0.460398104932182,
    0.4182440466669344
  ]
}