{
  "acc": [
    0.0036637356781241675,
    0.0037303490540900614,
    0.17126298960831335,
    0.61810551558753,
    0.5474953370636824,
    0.6883826272315481,
    0.6544098054889422,
    0.6900479616306955,
    0.6642019717559285,
    0.6951771915800693,
    0.6625366373567813,
    0.6973754329869438,
    0.6648014921396216,
    0.7162936317612577,
    0.6332933653077538,
    0.6329602984279243,
    0.7164268585131894,
    0.7966959765520917,
    0.7520650146549427,
    0.7455369038102851,
    0.7584598987476685,
    0.8242739142019717,
    0.7918998134825473,
    0.7775779376498801,
    0.8218758326671995,
    0.8760991207034372,
    0.8071542765787371,
    1.0
  ],
  "stds": [
    0.06041781789344108,
    0.06096255859152166,
    0.37673860699261513,
    0.4858508898703426,
    0.49773908120340243,
    0.46315438652498975,
    0.4755603137025492,
    0.46247353684293946,
    0.4722686867361261,
    0.4603323406919363,
    0.4728444157614111,
    0.45939409927992814,
    0.4720598142063718,
    0.4507960346537285,
    0.4819054666269451,
    0.4819974678791967,
    0.4507320877351776,
    0.40245682687438744,
    0.4318138816515786,
    0.43555898437210405,
    0.4280169164172661,
    0.3805869527034949,
    0.40594888703980225,
    0.41587316399358987,
    0.38261723477229426,
    0.3294684376478289,
    0.39453295220981577,
    0.0
  ]
}