{
  "acc": [
    0.0033306687982946974,
    0.0033306687982946974,
    0.14834798827604584,
    0.5319744204636291,
    0.48314681588062885,
    0.5915267785771383,
    0.5639488409272582,
    0.5856648014921396,
    0.5753397282174261,
    0.5927258193445244,
    0.5730748734345856,
    0.590460964561684,
    0.5670796695976552,
    0.602384758859579,
    0.5491606714628298,
    0.5474287236877164,
    0.6075139888089528,
    0.6578737010391686,
    0.6312949640287769,
    0.6207700506261657,
    0.6223021582733813,
    0.657673860911271,
    0.6414868105515588,
    0.624367172928324,
    0.6553423927524646,
    0.6688649080735412,
    0.6420197175592859,
    0.6851185718092193
  ],
  "stds": [
    0.057615756904259824,
    0.057615756904259824,
    0.35544459856705657,
    0.4989765890660754,
    0.4997158894662432,
    0.4915514711637953,
    0.49589368391224775,
    0.49260688361543664,
    0.49429133651332025,
    0.4913266962285752,
    0.49463123928085995,
    0.4917487304412384,
    0.4954798865006222,
    0.4894051094474453,
    0.4975773591928432,
    0.49774543309743613,
    0.48830394449603653,
    0.4744216421288084,
    0.4824537619510103,
    0.48519541926089266,
    0.4848114912846773,
    0.4744880963578888,
    0.4795638460517509,
    0.4842858724945592,
    0.4752565002332309,
    0.4706215494655069,
    0.4794062993165408,
    0.4644686365852004
  ]
}