{
  "acc": [
    0.0033306687982946974,
    0.0033306687982946974,
    0.002997601918465228,
    0.0002664535038635758,
    0.0002664535038635758,
    0.0002664535038635758,
    0.0003330668798294698,
    0.0001332267519317879,
    0.0,
    0.00019984012789768185,
    0.0001332267519317879,
    0.0005329070077271516,
    0.0020650146549427125,
    0.002731148414601652,
    0.008126831867839062,
    0.023647748467892353,
    0.029376498800959234,
    0.05495603517186251,
    0.0793365307753797,
    0.099253930189182,
    0.12023714361843858,
    0.16540101252331468,
    0.2322142286171063,
    0.264455102584599,
    0.46169730881961096,
    0.6000532907007727,
    0.6133093525179856,
    0.7215560884625632
  ],
  "stds": [
    0.057615756904259824,
    0.057615756904259824,
    0.054668238504671444,
    0.016321228703558274,
    0.016321228703558274,
    0.016321228703558274,
    0.018247080486560867,
    0.011541620447942203,
    0.0,
    0.014135069572554766,
    0.011541620447942203,
    0.023078626862278153,
    0.045395488425807075,
    0.05218897625877586,
    0.08978188275833238,
    0.1519491114165912,
    0.16885946855049755,
    0.22789442593019144,
    0.27026328951581075,
    0.29900265472263454,
    0.32523863994445296,
    0.37154208049637794,
    0.4222449296852108,
    0.4410426298007578,
    0.49853074513849155,
    0.4898870676185958,
    0.48699177676009564,
    0.4482330863124328
  ]
}