{
  "acc": [
    0.003779697624190065,
    0.0064794816414686825,
    0.29076673866090713,
    0.7591792656587473,
    0.6754859611231101,
    0.8002159827213823,
    0.7659287257019438,
    0.8058855291576674,
    0.7799676025917927,
    0.8169546436285097,
    0.7856371490280778,
    0.8264038876889849,
    0.7856371490280778,
    0.8420626349892009,
    0.7176025917926566,
    0.7078833693304536,
    0.7788876889848813,
    0.8558315334773218,
    0.8015658747300216,
    0.7767278617710583,
    0.7958963282937365,
    0.8558315334773218,
    0.8145248380129589,
    0.8156047516198704,
    0.8523218142548596,
    0.8803995680345572,
    0.8552915766738661,
    1.0
  ],
  "stds": [
    0.06136294900067758,
    0.08023401996115208,
    0.45411611108768957,
    0.42758169775212845,
    0.4681929916697795,
    0.3998379218116194,
    0.4234169491724915,
    0.3955174371022519,
    0.414268199961093,
    0.3867037029591576,
    0.41037960365387516,
    0.37876180127029246,
    0.41037960365387516,
    0.36468226409334026,
    0.45016564956149024,
    0.45473564271543326,
    0.4149959721884926,
    0.3512604728448358,
    0.39882079083006305,
    0.41643929992211115,
    0.40304511273836996,
    0.3512604728448358,
    0.38868255205620167,
    0.3878061896810827,
    0.35478069169581966,
    0.3244937112474173,
    0.35180661668677915,
    0.0
  ]
}