{
  "acc": [
    0.00454175704989154,
    0.008202277657266811,
    0.2734544468546638,
    0.6970580260303688,
    0.6332700650759219,
    0.7245797180043384,
    0.7059381778741866,
    0.7331887201735358,
    0.716648590021692,
    0.7410520607375272,
    0.7241052060737527,
    0.7466106290672451,
    0.7154284164859002,
    0.7547451193058569,
    0.6684517353579176,
    0.6654690889370932,
    0.7150894793926247,
    0.7640997830802603,
    0.733324295010846,
    0.7132592190889371,
    0.72566431670282,
    0.7577277657266811,
    0.733324295010846,
    0.7428145336225597,
    0.7591513015184381,
    0.7716919739696312,
    0.7636930585683297,
    0.801382863340564
  ],
  "stds": [
    0.06723934482720142,
    0.09019423650378061,
    0.44573210827813786,
    0.459530341084258,
    0.4819119107831425,
    0.4467258110531469,
    0.45561987104807,
    0.44229291287994704,
    0.4506255523620613,
    0.43805696434846414,
    0.4469640439796481,
    0.43495194864612075,
    0.45121014768107504,
    0.4302382179558724,
    0.47076959635782145,
    0.47182621865081675,
    0.45137181552973554,
    0.4245601306964179,
    0.4422214076203138,
    0.4522394337887583,
    0.4461789060086204,
    0.42845816455464236,
    0.44222140762031376,
    0.4370824890814763,
    0.4275986470059272,
    0.4197421485632402,
    0.4248128656983913,
    0.3989591077850498
  ]
}