{
  "acc": [
    0.00460548594649509,
    0.00460548594649509,
    0.004334575008465967,
    0.000745005079580088,
    0.0003386386725364037,
    0.00013545546901456146,
    0.0003386386725364037,
    6.772773450728073e-05,
    6.772773450728073e-05,
    0.0,
    0.00013545546901456146,
    0.00013545546901456146,
    0.0008127328140873687,
    0.004266847273958686,
    0.009414155096512021,
    0.029867930917710804,
    0.03616661022688791,
    0.05384354893328818,
    0.09617338300033863,
    0.12448357602438198,
    0.14737555028784288,
    0.18469353200135455,
    0.2348797832712496,
    0.2749068743650525,
    0.4705722993565865,
    0.7058584490348798,
    0.7892990179478496,
    1.0
  ],
  "stds": [
    0.0677072776420063,
    0.0677072776420063,
    0.0656946456567196,
    0.027284611908757063,
    0.018399021614908403,
    0.011637745521812869,
    0.018399021614908403,
    0.008229407479354712,
    0.008229407479354712,
    0.0,
    0.011637745521812869,
    0.011637745521812869,
    0.02849688192522604,
    0.0651816023759726,
    0.09656877746109682,
    0.17022290568664855,
    0.18670454341441256,
    0.22570870867460296,
    0.29482887138577324,
    0.3301324208928349,
    0.3544798971242211,
    0.38804874853324695,
    0.42392366138457094,
    0.44646733899792684,
    0.49913325919521895,
    0.4556558997324119,
    0.4078064224781285,
    0.0
  ]
}